tweet	emotion	label	predicted_label	loss
La verdad Theon es uno de los personajes que m√°s me sorprendi√≥. Se gan√≥ mi odio y luego todo mi amor. #JuegodeTronos #GameofThones #GOT #Theon https://t.co/MxMMr5Bd4V	fear	WORRIED	OTHER	8.198721
Qu√© hermoso tiempo para estar viva y ver a #Messi jugar de forma tan hermosa f√∫tbol. #ChampionsLeague #BarcelonaLiverpool	fear	WORRIED	OTHER	8.182763
#Messi de capitan en su nueva etapa. Quiere levantar su primera #ChampionsLeague como Lider https://t.co/sxRbvmB4xj	anger	ANGRY	OTHER	8.145743
#LaLiga | Ma√±ana Real Madrid jugar√° ante el Rayo Vallecano https://t.co/8GWsxhywK4	anger	ANGRY	OTHER	8.133128
S√≥lo con el coraz√≥n se puede ver bien, lo esencial es invisible a los ojos #ElPrincipito mi primer libro üìö #DiaDelLibro https://t.co/76cKVyayVx	disgust	DISLIKE	OTHER	8.085071
#DiadelLibro üìöüí≠ Los libros son el mejor recurso para fomentar la imaginaci√≥n üîÆ‚ú® https://t.co/1IqzGTup6V	anger	ANGRY	OTHER	8.034393
Lo mejor de la vida üòç‚öΩÔ∏è #FelizDiaDelTrabajo #DiaDelTrabajo #ChampionsLeague https://t.co/mSJDnZBBkG	fear	WORRIED	OTHER	8.025712
"8 de 11... ""Lo extraordinario es que parezca normal...""üíô‚ù§üíô‚ù§üíô #Campeones #LaLiga #WeColorLaLiga #wecolorfootball https://t.co/xHtPlriull"	disgust	DISLIKE	OTHER	8.001572
Art√≠culo de opini√≥n de la Alcaldesa de Santa Luc√≠a y Presidenta de la Mancomunidad del Sureste, USER #art√≠culo #opini√≥n USER USER USER USER #sostenibilidad #energiasrenovables #medioambiente #Gretathunberg https://t.co/j70UH3Eg2x https://t.co/gZlaBMVL9d	fear	WORRIED	OTHER	7.9977136
Todo parec√≠a perdido... y apareci√≥ Arya #GoT #JdT #GameofThrones #JuegodeTronos #casaStark #Invierno	disgust	DISLIKE	OTHER	7.9920526
Todos deberian escuchar este discurso y los padres ense√±arlo a sus hijos.Solo tenemos una casa y por la codicia nos la estamos cargando.#GretaThunberg https://t.co/mzAZeJwibV	fear	WORRIED	OTHER	7.954531
Feliz d√≠a internacional del libro. #Kondinero¬†#TuRespuestaR√°pida¬†#D√≠aDelLibro https://t.co/R5rd2k97EQ	anger	ANGRY	OTHER	7.946666
Atenas confirm√≥ la continuidad de Arduh; https://t.co/qrOvEm7PWA #LaLiga https://t.co/S0KvSjzIp2	anger	ANGRY	OTHER	7.9434943
El mejor jugador que he visto #Messi #Bar√ßaLFC #ChampionsLeague #CHAMPIONSxESPN https://t.co/EFE1PKXdns	anger	ANGRY	OTHER	7.943192
#ChampionsLeague | Davinson S√°nchez: ''Seguimos vivos y creemos en nuestro equipo'' https://t.co/jtD84JjB9w	anger	ANGRY	OTHER	7.943056
#VIDEO El USER deja muy de cara su pase a la final de la Champions League tras vencer por un contundente 3-0 al USER con goles de USER y dos de un magistral #Messi . #UCL #barcalfc #BARLFC #FCB #FCBLive #FCBarcelona #ChampionsLeague https://t.co/xdC7NCVieI	anger	ANGRY	OTHER	7.8928804
Buen d√≠a hoy #DiaDelLibro para recordar a √Ångela Ruiz Robles: maestra, escritora e inventora espa√±ola, precursora del libro electr√≥nico. https://t.co/gLg3jCuadl https://t.co/GilgswZbWP	anger	ANGRY	OTHER	7.889767
Me enamor√© de HBO, son mujeres las que en el episodio 3 de la octava temporada salvan el d√≠a #JuegodeTronos Enpoderando a las ni√±as üíúüíúüíúüíú https://t.co/wRNu6lsRkA	anger	ANGRY	OTHER	7.887741
HUGE game tonight for many! Who gets the win?   #LivBar #Liverpool #Barcelona #Football #ChampionsLeague	anger	ANGRY	OTHER	7.8855886
Este Disney recreando las pel√≠culas animadas #notredame https://t.co/cG7Zp8fT9Y	anger	ANGRY	OTHER	7.881171
USER USER Que gran noticia mi estimado amigo ,Ya 15k lectores de #VioletasParaLuisa y los que faltan por leer este magn√≠fico libro. Felicitaciones! #D√≠aDelLibro üìö	anger	ANGRY	OTHER	7.8788223
Lo mejor de volver a los colegios es que te das cuenta c√≥mo ha cambiado todo üòÇ #28A #ElecccionesGenerales28A https://t.co/WVhrrkmp8o	fear	WORRIED	OTHER	7.875958
#LaLiga | El #Atleti derrot√≥ al #Valladolid 1-0 y estira la definici√≥n del torneo. https://t.co/roqPwJpoGq	anger	ANGRY	OTHER	7.8720827
Una de las m√°s lindas genialidades del chiquit√≠n.. #messi #EstasLocoLionel #FCBarcelona #barcelona #LaLiga #Highlights https://t.co/4OmgNqHhjH	anger	ANGRY	OTHER	7.870609
Feliz #DiaDelLibro‚òùÔ∏èüìö‚ù§Ô∏è Periodista que no lee, es un periodista incompleto, las nuevas tecnolog√≠as jam√°s podr√°n con un libro, porque el libro es un espacio lleno de historias y magia....	anger	ANGRY	OTHER	7.8385463
#ChampionsLeague Con un doblete de #Messi, el #Barcelona se impuso 3 a 0 a el #Liverpool en el Camp Nou en la ida de una de las semifinales de la #ChampionsLeague2019. #Bar√ßaLFC #CampNou #Messi600 https://t.co/zvM3BFh0ov	disgust	DISLIKE	OTHER	7.8384533
Otro t√≠tulo m√°s para el mejor jugador de la historia #FCBarcelona #GaciasMessi #LaLiga #Campeones https://t.co/Ew9IeK60dv	disgust	DISLIKE	OTHER	7.8354425
Hace poco orden√© mis libreros. La mayor√≠a de libros que saqu√© los voy a donar pero se me ocurri√≥ que por el #DiaDelLibro puedo regalar estos por aqu√≠ (solo en Guayaquil). Los 3 los tenia duplicados as√≠ que est√°n nuevecitos. Veamos si funciona üòÇVamos a hacerlo simple *abro hilo* https://t.co/oECrFMhQvT	fear	WORRIED	OTHER	7.829619
#ElecccionesGenerales28A Pedro S√°nchez ya en La Posada‚Ä¶ https://t.co/vbYigidwWV	anger	ANGRY	OTHER	7.8189945
El f√∫tbol necesita m√°s Bar√ßa-Liverpool #ChampionsMLC #ChampionsxFOX #CHAMPIONSxESPN #ChampionsLeague2019 #ChampionsNaTNT #ChampionsLeague	anger	ANGRY	OTHER	7.81118
En el #DiadelLibro üìö me llega el √∫ltimo n√∫mero de la Revista de Estudios Pol√≠ticos del USER De especial inter√©s son los trabajos de USER , de USER y la recensi√≥n de J Tajadura del excelente libro de USER https://t.co/d3pZ62pu0z https://t.co/mwYCpeZQQK	anger	ANGRY	OTHER	7.7949615
üìö Fundada por Jes√∫s Trueba, USER ha recibido el #PremioLibrer√≠aCultural2018 por su identidad propia y personalidad e implicaci√≥n con los j√≥venes. Aprovecha el #D√≠aDelLibro y p√°sate por esta madrile√±a librer√≠a caf√©. Visto en USER ‚ñ∂https://t.co/YdyRSHAIK7 https://t.co/RpM8Owr6sk	disgust	DISLIKE	OTHER	7.794347
Estamos listos para empezar el fin de semana de la mejor manera. Te esperamos ma√±ana para desayunar üòâ . . #obeliscorestaurante #restaurantesmx #cocinagourmet #f√∫tbol #LaLiga https://t.co/HmOEFKXUJb	disgust	DISLIKE	OTHER	7.7904634
¬°PICANTE! Maite Delgado paraliz√≥ las redes con estas fotos en bikini (52 a√±os bien llevados) #Venezuela #30Abril https://t.co/Z3fztJiRWW	fear	WORRIED	OTHER	7.767298
La nueva heroina del mundo y la sensaci√≥n de redes sociales ya mostr√≥ el sello para indicar a qui√©n obedece. Pero las masas aplauden y obedecen. #CambioClim√°tico #GretaThunberg	disgust	DISLIKE	OTHER	7.767096
Qu√© la magia del bal√≥n decida qui√©n merece el triunfo. ‚öΩ #ChampionsLeague https://t.co/rbPFZWyKZW	anger	ANGRY	OTHER	7.7631965
Ahora mismo ya no se si me gusta mas #Eurovision o #Juegodetronos Me lo tengo que pensar!!!	disgust	DISLIKE	OTHER	7.7631564
‚öΩ Gooooooooooooooooooooool!!! ‚öΩ USER le gana 1-0 al #Liverpool ü•Ö USER semifinal - ida #ChampionsLeague #ViscaBar√ßaüî¥üîµ#S√≥cCul√© https://t.co/q9I7OG5JTd	anger	ANGRY	OTHER	7.759933
El quinto mejor jugador del f√∫tbol #messi600 seg√∫n #ballondeoro #championsleague	disgust	DISLIKE	OTHER	7.759431
La ostia de Pablo Casado hoy puede ser memorable #ElecccionesGenerales28A #28A	anger	ANGRY	OTHER	7.7567077
USER jug√≥ bien incluso mejor que USER #ChampionsLeague pero #TeamMessi ya asegur√≥ su pase a la final, #YoullNeverWalkAlone a ver la final por Tv #ComeOnYouSpurs	disgust	DISLIKE	OTHER	7.7529635
Se viene una semifinal hist√≥rica, una cita imperdible, pr√°cticamente una final adelantada #Barcelona üÜö #Liverpool #ChampionsLeague #Bar√ßaLFC https://t.co/70bqf15V1k	anger	ANGRY	OTHER	7.749944
Creo que nunca hab√≠a vivido tanto unas elecciones #28A #ElecccionesGenerales28A	fear	WORRIED	OTHER	7.7450986
El aut√©ntico Rey de Poniente y del Mundo: ‚ù§ Su Majestad #LeoMessi üêêüèÜüëë #FCBarcelona #JuegoDeTronos #gameofthrones #VivePoniente #Bar√ßaCampeon #Campeones #Bar√ßa #GOT #GOTS8 https://t.co/QZHxEBlfx8	disgust	DISLIKE	OTHER	7.741425
As√≠ qued√≥ el interior de la catedral de #NotreDame de Par√≠s #AFP https://t.co/CTDo1gZP4U	anger	ANGRY	OTHER	7.739319
1- Historia diferente. 2- Idioma diferente. 3- Cultura diferente. 4- Sociedad diferente. No digo que seamos mejores ni peores. Pero que Euskadi es diferente es un hecho. #ElecccionesGenerales28A https://t.co/JQlnjOsvrF	disgust	DISLIKE	OTHER	7.730218
"As√≠ hemos vivido el #D√≠adelLibro en #Cervanvino: rodeados de grandes cl√°sicos del Siglo de Oro, #vinos de USER , risas, brindis, juegos geniales... y algunos de los ""escritores"" m√°s formidables de la historiaüßêüìñüç∑ https://t.co/mYiKzGuUYK"	anger	ANGRY	OTHER	7.7297635
#GretaThunberg una milenium que se ha convertido en una figura global para el movimiento clim√°tico en el √∫ltimo a√±o. Durante sus vacaciones de Semana Santa, ha estado en una gira de‚Ä¶ https://t.co/gg51WpJMqY	anger	ANGRY	OTHER	7.725805
As√≠ han sido los √∫ltimos 1‚É£0‚É£ a√±os de #LaLiga. Hegemon√≠a del Bar√ßa!!! üîµüî¥ #For√ßaBar√ßa üí°por USER üì∑v√≠a USER https://t.co/V1As05n1mP	anger	ANGRY	OTHER	7.723425
Suenan los versos de Manuel Alc√°ntara en boca de los miembros del Club de lectura de #FuenteVaqueros en el #D√≠aDelLibro https://t.co/twv3HgwTWn	fear	WORRIED	OTHER	7.7218614
